pozycja,tytuł,link,metaopis
1,"Wycieraczki do domu wejściowe, podłogowe",https://allegro.pl/kategoria/dywany-i-dywaniki-wycieraczki-110186?srsltid=AfmBOoqxrXVUSLLYTKcaeagOT3dTk6fkGftzDssRISaD3Z9_qphJHDs5,"Rodzaj i przeznaczenie wycieraczki. Wycieraczka, zaraz obok dywanów czy chodników, to jeden z najpotrzebniejszych elementów wystroju naszego domu."
2,Wycieraczki wejściowe,https://esilver.com.pl/wycieraczki-wejsciowe-c-175.html?srsltid=AfmBOoqCPaXsnQN4dEZAY1rda3O8YRi5N7YJrmWS2hXova-ABZ5gGTiH,W ofercie naszego sklepu znajdują się wycieraczki wejściowe zewnętrzne i wewnętrzne oraz maty podłogowe. W asortymencie modele gumowe ażurowe.
3,Wycieraczki Wejściowe Tekstylne,https://stamats.pl/wycieraczki-wejsciowe-tekstylne?srsltid=AfmBOop8T9CExRrqsvDqCP7eI_7xBP3DYS_d8pwZnu9OiXseSvzZvOPS,"Wycieraczka EcoMata: Ekologiczna wycieraczka, która łączy w sobie wysoką funkcjonalność i troskę o środowisko. Doskonały wybór do biur, hoteli i domów."
4,Wycieraczka pod drzwi zewnętrzne w Eureka,https://sklepeureka.pl/wycieraczki?srsltid=AfmBOooEwYTvvbAnehml2C3czHcO7TJ5b54X2EXaGun-K2mszx8cPvcl,Tu wybór najczęściej pada na wycieraczki gumowe bądź z włókien kokosowych. Z kolei wśród wycieraczek wewnętrznych dużą popularnością cieszą się maty podłogowe.
5,Maty Wejściowe - mata wejściowa na wymiar z ...,https://matypodlogowe.eu/maty-wejsciowe/?srsltid=AfmBOooQ1fXo-tX6B--YD0_Rp535P8-ps7C5jOlUwedvyyF-b6bIWYUn,"Oferujemy Państwu szeroki zakres rozwiązań – od niezwykle wytrzymałych mat gumowych zewnętrznych, wycieraczek przemysłowych, przez wycieraczki wejściowe ..."
6,Wycieraczki podłogowe Ha-Ra,https://www.hara.pl/kategoria-produktu/wycieraczki-ha-ra/,"Wycieraczki podłogowe odporne na ścieranie i wydeptywanie. Proponowane wycieraczki to maty wejściowe, które zostały wyposażone w antypoślizgowy spód z ..."
7,Wycieraczki Samochodowe Podłogowe - Allegro,https://allegro.pl/listing?string=wycieraczki%20samochodowe%20pod%C5%82ogowe&srsltid=AfmBOooBbjiSSFNPZLOBKHQAyaLrUsPxySnPlrKHQn6kfYlS3XxOep8h,"Wycieraczki Samochodowe Podłogowe na Allegro.pl - Zróżnicowany zbiór ofert, najlepsze ceny i promocje. Wejdź i znajdź to, czego szukasz!"
8,"Wycieraczki Gumowe przed Dom, Zewnętrzne, pod Drzwi",https://sklepoxide.pl/pl/c/Wycieraczki-gumowe/138?srsltid=AfmBOooG-D7wmABmxtQYUBA1Y0_0wVjm8aAznSbEMM7XUkhtxs5WBtaa,"Chłonna wycieraczka wejściowa klasyczna czy nowoczesna, zewnętrzna lub wewnętrzna, mała czy duża – to tylko przykładowe warianty dostępne w naszym sklepie."
9,Mata podłogowa wycieraczka 185 Essence - kolor szary,https://matyobiektowe.pl/produkt/mata-podlogowa-wycieraczka-2/?srsltid=AfmBOoq2In4e9ihoR3Do-gIsNNtDLR8tqeK7IHn7IBxkCKhPnziOjmVE,Opis · Mata wejściowa wycieraczka · Tuftowane runo cięte ze 100% włókien z poliamidu 6.0. · Gramatura: 520 g/m² · Podłoże: czarny winyl (wolny od DOP). · Brzegi ...
10,WYCIERACZKA WEJŚCIOWA 3D PCV 60x90,https://dywania.pl/wycieraczki/779-wycieraczka-wejsciowa-3d-pcv-60x90-5907736275601.html,Wycieraczka bardzo odporna na warunki atmosferyczne. Świetnie usuwa brud z obuwia zapobiegając rozprzestrzenianiu się zanieczyszczeń.
11,Podłogowa wycieraczka - mata klejąca wielowarstwowa,https://www.happyendpl.pl/podogowa-wycieraczka-mata-klejca-wielowarstwowa?srsltid=AfmBOop4MDZQCDxfq1Ix9t9iR50UfSu14Iyu3d1C3IOr6PcHU5Jogt-u,Maty te muszą być wypełnione roztworem dezynfekującym. Zmniejszają ryzyko rozprzestrzeniania się chorób bakteryjnch i wirusowych.
12,Wycieraczka wejściowa do stosowania w pomieszczeniach,https://www.otelo.pl/produkty/wycieraczka-wejsciowa-stosowania-w-pomieszczeniach/3m-0017140406-skg.html,"Bardzo estetyczny.• Zatrzymuje pył i brud, chroni posadzkę.• Powierzchnia łatwo wysycha i nie odkształca się (wykonany w 100% z ciągłego włókna olefinowego) ..."
13,Wycieraczka wejściowa - emco,https://www.emco-bau.com/pl/products/wycieraczka-wejsciowa/,Strona główna / Wycieraczka wejściowa. Filter. Filtry. Filtry. Pokaż (128) · Cancel · emco DIPLOMAT Premium z wkładką Care. Add to Compare.
14,"""Welcome"" wycieraczka podłogowa",https://giftstory.pl/pl/p/Welcome-wycieraczka-podlogowa-/329,"""Wejdz jeśli masz Prosecco"" wycieraczka kokosowa."
15,Gumowa wycieraczka podłogowa Fingertip,https://sklep.greenservice.pl/pl/wycieraczki-i-maty-wejsciowe/841-gumowa-wycieraczka-podlogowa-fingertip.html?srsltid=AfmBOoqJCEeAvcay3p1STva6CXWfi-56FNfRHDXGx5o6tySg1VBuvSHF,"Gumowa wycieraczka podłogowa Fingertip. Usuwa, zdrapuje i zatrzymuje bród. Podłoże antypoślizgowe pomaga zachować pozycję wycieraczki."
16,Wycieraczka wejściowa 120×180 szara,https://art-floor.com.pl/produkt/wycieraczka-wejsciowa-120x180-szara/,Dzięki temu są trwałe i zawsze pięknie prezentują się we wnętrzu mieszkania. Wycieraczka wejściowa 120×180 szara pozwala oczyścić podeszwy butów domowników i ...
17,Wycieraczki wejściowe do domu i przed dom | Sklep ...,https://www.wycieraczkowo.com/,Sklep wycieraczkowo.com to wyjątkowe miejsce do stworzenia wycieraczki marzeń. Zajmujemy się produkcją wycieraczek z napisem oraz Twoim logo. Sprawdź sam!
18,Wycieraczka podłogowa 90 x 150 cm Clin,https://sklepogrodniczy.pl/wycieraczka-podlogowa-90-x-150-cm-clin.html,Prostokątna wycieraczka podłogowa. Świetnie sprawdzi się przed wejściem do domu lub mieszkania. Trzy kolory. Kolor wysyłamy losowo. Specyfikacje. Specyfikacje ...
19,MsMr Wycieraczka wejściowa mata podłogowa zabawna ...,https://www.amazon.pl/MsMr-Wycieraczka-wycieraczka-zaprojektowana-antypo%C5%9Blizgowa/dp/B074CFPDMX,"Została zaprojektowana i wykonana przez Boyixing-MsMr.MsMr wycieraczka nadaje się do użytku wewnątrz i na zewnątrz. Po prostu potrząśnij matą, brud zniknie. To ..."
20,Wycieraczki wejściowe - wewnętrzne i zewnętrzne,https://www.castorama.pl/plytki-i-podlogi/wycieraczki.cat,Wycieraczka pod drzwi powita Twoich gości ... Wycieraczki wewnętrzne · Wycieraczki gumowe · Wycieraczki ... Podkłady podłogowe. Akcesoria do płytek ...
21,Wycieraczka Pod Drzwi Wejściowe,https://pl.aliexpress.com/w/wholesale-wycieraczka-pod-drzwi-wej%C5%9Bciowe.html,Wycieraczki przednie Mata wejściowa Wewnątrz Na zewnątrz Absorpcja wody Maty podłogowe Antypoślizgowa tylna gumowa wycieraczka powitalna do łazienki Kuchnia.
22,Wycieraczki do butów pod drzwi - zewnętrzne i wewnętrzne,https://sklepoxide.pl/wycieraczki?srsltid=AfmBOor8zvSYk0r-ey49EZVl2xEyJ3DecAOeiSR7WbktnmThXPKF9C2w,"... podłogowe - dywany i wycieraczki - sklep online ... Wycieraczka Wejściowa Prążek Szary. Cena: 26,00 zł ... W ofercie sklepu z dywanami Oxide dostępne są również ..."
23,Wycieraczki na wymiar,https://ergospot.pl/tag-produktu/wycieraczki-na-wymiar/?srsltid=AfmBOoov2UpzuBwNKoUgehG7PTRfYouqJyT-wHmv22u7bkIOwsfzQVDl,wycieraczki na wymiar. Każda strefa wejściowa powinna zostać wyposażona w odpowiednie maty zapobiegające rozprzestrzenianiu się brudu i wilgoci. Jednak nie we ...
24,Wycieraczka mata wejściowa Perła różne kolory i rozmiary ...,https://supermaty.pl/pl/maty-wejsciowe/wycieraczka-mata-wejsciowa-perla-tekstylna-podgumowana-pod-wymiar-112.html,"Mata wejściowa Perła cechuje się dużą wytrzymałością oraz odpornością na zużycie, dzięki czemu doskonale sprawdzi się w miejscach o dużym natężeniu ruchu."
25,Wycieraczka Do Butów Wejściowa Pod Drzwi Gumowa ...,"https://www.empik.com/wycieraczka-do-butow-wejsciowa-pod-drzwi-gumowa-mata-podlogowa-90-x-150cm-myperfectshop,p1468979099,dom-i-ogrod-p","Wycieraczka Do Butów Wejściowa Pod Drzwi Gumowa Mata Podłogowa 90 X 150Cm - Inna marka, w empik.com: 87,00 zł. Przeczytaj recenzję Wycieraczka Do Butów ..."
26,Wycieraczki pod drzwi,https://www.ikea.com/pl/pl/cat/wycieraczki-pod-drzwi-10698/,"Wycieraczki pod drzwi. Wycieraczka jako pierwsza wita cię w domu, ale zatrzymuje też błoto i piach. W rezultacie podłoga i dywany w ..."
27,YORK WYCIERACZKA wejściowa pod drzwi DO BUTÓW ...,https://sklep.york.pl/wycieraczka-dywanikowa-polokragla-50-x-80-cm,"Wytrzymała, skutecznie czyszcząca każdą podeszwę wycieraczka dywanikowa półokrągła 50x80cm. Stabilny, estetyczny wybór przy wejściu do domu. Sprawdź ją!"
28,Wycieraczki,https://komfort.pl/k/wycieraczki,"Płytki podłogowe. Wzór płytki. Imitujące drewno ... Wycieraczki do przedpokojuWycieraczki wewnętrzne ... W końcu czy tego chcemy, czy nie wycieraczka pod drzwi jest ..."
29,Wycieraczka tekstylna Mata podłogowa Slim,https://taniedywany.pl/wycieraczka-tekstylna-mata-podlogowa-slim-pid7675,"mata podłogowa SLIM posiada delikatną strukturę, wykonaną z chłonnego materiału; absorbuje wilgotne zanieczyszczenia; dzięki zastosowaniu specjalnego, ..."
30,Komfortowe wykładziny dywanowe i wycieraczki dla firm – Aximo.pl,https://www.aximo.pl/,"Aximo.pl to dystrybutor przemysłowych wykładzin obiektowych i wycieraczek podłogowych. Zapewniamy 25-letnie doświadczenie w branży, fachowe doradztwo i montaż!"
